{
  "pipeline": {
    "active_checkpoint": "stage2_iccd/runs/active_count_simple_near_parallel/latest.pt",
    "single_checkpoint": "stage2_iccd/runs/simple_single_component/latest.pt",
    "multi_checkpoint": "stage2_iccd/runs/simple_multicomponent_long/latest.pt",
    "local_jump_checkpoint": "stage2_iccd/runs/local_jump_segmented_p1/latest.pt",
    "all_expert_checkpoint": "stage2_iccd/runs/all_multiexpert_ohem_p1/latest.pt",
    "crossing_checkpoint": "stage2_iccd\\runs\\crossing_first_candidate_p25\\latest.pt",
    "use_scenario_hints": true
  },
  "batches": 4,
  "batch_size": 4,
  "data_overrides": {
    "snr_db_min": -2.0,
    "snr_db_max": 24.0,
    "noise_types": {
      "white": 0.55,
      "colored": 0.25,
      "impulsive": 0.1,
      "trend": 0.1
    }
  },
  "rows": [
    {
      "scenario": "linear",
      "active_components": 2.0,
      "rec_mse": 0.009951304295100272,
      "component_mse": 0.006115853524534032,
      "inactive_component_mse": 0.0,
      "component_l1": 0.04220821149647236,
      "if_mae_hz": 2.591255396604538,
      "smooth": 3.047941744327545,
      "third_derivative": 9.586591482162476,
      "crossing_identity": 3.6748326122760773,
      "min_gap": 0.12471729516983032,
      "sinusoidal_curvature": 82.63314628601074,
      "delta_rms_hz": 2.7069137394428253,
      "rec_snr_db": 24.18668508529663,
      "post_identity_if_mae_hz": 2.6690617501735687,
      "active_route_accuracy": 0.875,
      "active_route_confidence": 0.9514532089233398,
      "second_peak_rate": 0.8159046769142151,
      "second_peak_ratio": 0.7228962182998657,
      "top2_candidate_coverage": 1.0,
      "single_rate": 0.125,
      "multi_rate": 0.875,
      "local_jump_rate": 0.0,
      "crossing_rate": 0.0,
      "all_expert_rate": 0.0
    },
    {
      "scenario": "quadratic",
      "active_components": 2.0,
      "rec_mse": 0.009939227486029267,
      "component_mse": 0.005398970213718712,
      "inactive_component_mse": 0.0,
      "component_l1": 0.04852776788175106,
      "if_mae_hz": 1.2119444906711578,
      "smooth": 6.122473120689392,
      "third_derivative": 19.73649549484253,
      "crossing_identity": 5.093983501195908,
      "min_gap": 0.13258184120059013,
      "sinusoidal_curvature": 239.86358642578125,
      "delta_rms_hz": 1.2722328007221222,
      "rec_snr_db": 21.949403762817383,
      "post_identity_if_mae_hz": 1.2128686010837555,
      "active_route_accuracy": 1.0,
      "active_route_confidence": 0.991254448890686,
      "second_peak_rate": 0.869892954826355,
      "second_peak_ratio": 0.7518765926361084,
      "top2_candidate_coverage": 1.0,
      "single_rate": 0.0,
      "multi_rate": 1.0,
      "local_jump_rate": 0.0,
      "crossing_rate": 0.0,
      "all_expert_rate": 0.0
    },
    {
      "scenario": "cubic",
      "active_components": 2.0,
      "rec_mse": 0.01084444159641862,
      "component_mse": 0.026174603262916207,
      "inactive_component_mse": 0.0,
      "component_l1": 0.06622259225696325,
      "if_mae_hz": 2.8110311031341553,
      "smooth": 3.6579176485538483,
      "third_derivative": 11.469996690750122,
      "crossing_identity": 3.273703843355179,
      "min_gap": 0.5859652273356915,
      "sinusoidal_curvature": 87.74525034427643,
      "delta_rms_hz": 2.3956339955329895,
      "rec_snr_db": 23.19132947921753,
      "post_identity_if_mae_hz": 2.8587423264980316,
      "active_route_accuracy": 0.875,
      "active_route_confidence": 0.9953767657279968,
      "second_peak_rate": 0.8835116624832153,
      "second_peak_ratio": 0.7957172393798828,
      "top2_candidate_coverage": 1.0,
      "single_rate": 0.125,
      "multi_rate": 0.875,
      "local_jump_rate": 0.0,
      "crossing_rate": 0.0,
      "all_expert_rate": 0.0
    },
    {
      "scenario": "sinusoidal_fm",
      "active_components": 2.0,
      "rec_mse": 0.021674558287486434,
      "component_mse": 0.01896746503189206,
      "inactive_component_mse": 0.0,
      "component_l1": 0.08345129899680614,
      "if_mae_hz": 7.643422961235046,
      "smooth": 182.45491409301758,
      "third_derivative": 387.74645233154297,
      "crossing_identity": 118.56376266479492,
      "min_gap": 1.012585625052452,
      "sinusoidal_curvature": 134691.361328125,
      "delta_rms_hz": 8.079685091972351,
      "rec_snr_db": 17.988776206970215,
      "post_identity_if_mae_hz": 13.10465955734253,
      "active_route_accuracy": 0.8125,
      "active_route_confidence": 0.8515321016311646,
      "second_peak_rate": 0.9569552540779114,
      "second_peak_ratio": 0.8429378867149353,
      "top2_candidate_coverage": 0.6648025512695312,
      "single_rate": 0.0,
      "multi_rate": 0.0,
      "local_jump_rate": 0.0,
      "crossing_rate": 0.0,
      "all_expert_rate": 1.0
    },
    {
      "scenario": "crossing",
      "active_components": 2.0,
      "rec_mse": 0.012169256573542953,
      "component_mse": 0.016012873384170234,
      "inactive_component_mse": 0.0,
      "component_l1": 0.06510851718485355,
      "if_mae_hz": 4.707528918981552,
      "smooth": 7.374512434005737,
      "third_derivative": 20.580897331237793,
      "crossing_identity": 4.645830929279327,
      "min_gap": 1.9263658076524734,
      "sinusoidal_curvature": 320.2197799682617,
      "delta_rms_hz": 1.2644395232200623,
      "rec_snr_db": 20.95260238647461,
      "post_identity_if_mae_hz": 28.041786193847656,
      "active_route_accuracy": 0.6875,
      "active_route_confidence": 0.8784717321395874,
      "second_peak_rate": 0.993677020072937,
      "second_peak_ratio": 0.8849793672561646,
      "top2_candidate_coverage": 1.0,
      "single_rate": 0.0,
      "multi_rate": 0.0,
      "local_jump_rate": 0.0,
      "crossing_rate": 1.0,
      "all_expert_rate": 0.0
    },
    {
      "scenario": "near_parallel",
      "active_components": 2.0,
      "rec_mse": 0.011586738168261945,
      "component_mse": 0.05045728076947853,
      "inactive_component_mse": 0.0,
      "component_l1": 0.08045610971748829,
      "if_mae_hz": 2.070248454809189,
      "smooth": 6.5304747223854065,
      "third_derivative": 21.256218433380127,
      "crossing_identity": 4.406506657600403,
      "min_gap": 0.7967941742390394,
      "sinusoidal_curvature": 239.23222732543945,
      "delta_rms_hz": 2.0807109475135803,
      "rec_snr_db": 22.091049194335938,
      "post_identity_if_mae_hz": 2.0680214166641235,
      "active_route_accuracy": 0.9375,
      "active_route_confidence": 0.9643410444259644,
      "second_peak_rate": 0.9277723431587219,
      "second_peak_ratio": 0.8021861910820007,
      "top2_candidate_coverage": 1.0,
      "single_rate": 0.0625,
      "multi_rate": 0.9375,
      "local_jump_rate": 0.0,
      "crossing_rate": 0.0,
      "all_expert_rate": 0.0
    },
    {
      "scenario": "local_jump",
      "active_components": 2.0,
      "rec_mse": 0.020878946874290705,
      "component_mse": 0.053045230684801936,
      "inactive_component_mse": 0.0,
      "component_l1": 0.10282976552844048,
      "if_mae_hz": 2.30595999956131,
      "smooth": 9.73842191696167,
      "third_derivative": 30.285717964172363,
      "crossing_identity": 7.799126386642456,
      "min_gap": 3.1896166801452637,
      "sinusoidal_curvature": 1200.2721061706543,
      "delta_rms_hz": 1.684902846813202,
      "rec_snr_db": 19.992372035980225,
      "post_identity_if_mae_hz": 4.023016452789307,
      "active_route_accuracy": 0.9375,
      "active_route_confidence": 0.9556301832199097,
      "second_peak_rate": 0.8820525407791138,
      "second_peak_ratio": 0.7659470438957214,
      "top2_candidate_coverage": 1.0,
      "single_rate": 0.0,
      "multi_rate": 0.0,
      "local_jump_rate": 1.0,
      "crossing_rate": 0.0,
      "all_expert_rate": 0.0
    },
    {
      "scenario": "tangent_or_overlap",
      "active_components": 2.0,
      "rec_mse": 0.05537066236138344,
      "component_mse": 0.12219704687595367,
      "inactive_component_mse": 0.0,
      "component_l1": 0.19371002167463303,
      "if_mae_hz": 9.60298776626587,